run,ERRORs,WARNINGs,total,true,unproven,timeout,error,"true (%)","unproven (%)","timeout (%)","error (%)",time
f-autop-ac-ct100,0,0,133,128,5,5,0,96.2, 3.8, 3.8, 0.0,76.6
f-autop-ac-ct10,0,0,133,128,5,5,0,96.2, 3.8, 3.8, 0.0,12.1
f-autop-ay-ec-t10,0,40,133,127,6,0,0,95.5, 4.5, 0.0, 0.0,2.35
f-autop-ay-ec-t1,0,40,133,127,6,0,0,95.5, 4.5, 0.0, 0.0,2.35
f-autop-dn-siv-tg,0,0,158,154,4,0,0,97.5, 2.5, 0.0, 0.0,0.18
f-autop-dn-tg,0,0,158,25,133,0,0,15.8,84.2, 0.0, 0.0,0.36
f-autop-pp-t10,1,0,133,128,4,0,1,96.2, 3.0, 0.0, 0.8,6.96
f-autop-pp-t1,1,0,133,128,4,0,1,96.2, 3.0, 0.0, 0.8,6.97
f-autop-sa-t10,0,0,133,131,2,2,0,98.5, 1.5, 1.5, 0.0,35.32
f-autop-sa-t1,0,0,133,129,4,4,0,97.0, 3.0, 3.0, 0.0,8.63
f-autop-sc-t10,0,0,133,128,5,5,0,96.2, 3.8, 3.8, 0.0,56.19
f-autop-sc-t1,0,0,133,128,5,5,0,96.2, 3.8, 3.8, 0.0,11.19
f-autop-sy-lin-ae-t10,0,0,133,122,11,0,0,91.7, 8.3, 0.0, 0.0,4.26
f-autop-sy-lin-ae-t1,0,0,133,122,11,0,0,91.7, 8.3, 0.0, 0.0,4.23
f-autop-sz-t10,0,0,133,130,3,3,0,97.7, 2.3, 2.3, 0.0,33.66
f-autop-sz-t1,0,0,133,130,3,3,0,97.7, 2.3, 2.3, 0.0,6.72
f-autop-xx,,,      133, 129,    4,  0,  0,  97.0,  3.0, 0, 0,  0
,,,,,,,,,,,,
f-hilton-ac-ct100,0,0,1806,1709,97,66,0,94.6, 5.4, 3.7, 0.0,1209.74
f-hilton-ac-ct10,0,0,1806,1709,97,86,0,94.6, 5.4, 4.8, 0.0,269.67
f-hilton-ay-ec-t10,0,463,1806,1697,109,0,0,94.0, 6.0, 0.0, 0.0,45.57
f-hilton-ay-ec-t1,0,463,1806,1697,109,0,0,94.0, 6.0, 0.0, 0.0,45.68
f-hilton-dn-siv-tg,0,0,2711,2630,81,0,0,97.0, 3.0, 0.0, 0.0,4.65
f-hilton-dn-tg,0,0,2711,905,1806,0,0,33.4,66.6, 0.0, 0.0,7.56
f-hilton-pp-t10,80,0,1806,1647,79,15,80,91.2, 4.4, 0.8, 4.4,1208.14
f-hilton-pp-t1,78,0,1806,1232,496,452,78,68.2,27.5,25.0, 4.3,864.44
f-hilton-sa-t10,0,0,1806,1712,94,74,0,94.8, 5.2, 4.1, 0.0,845.49
f-hilton-sa-t1,0,0,1806,1710,96,81,0,94.7, 5.3, 4.5, 0.0,175.41
f-hilton-sc-t10,0,0,1806,1709,97,83,0,94.6, 5.4, 4.6, 0.0,1077.1
f-hilton-sc-t1,0,0,1806,1706,100,100,0,94.5, 5.5, 5.5, 0.0,263.18
f-hilton-sy-lin-ae-t10,0,0,1806,1690,116,9,0,93.6, 6.4, 0.5, 0.0,171.55
f-hilton-sy-lin-ae-t1,0,0,1806,1690,116,12,0,93.6, 6.4, 0.7, 0.0,90.09
f-hilton-sz-t10,0,0,1806,1724,82,64,0,95.5, 4.5, 3.5, 0.0,710.65
f-hilton-sz-t1,0,0,1806,1724,82,64,0,95.5, 4.5, 3.5, 0.0,134.78
f-hilton-xx,,,    1806, 1725,  81,  0,  0,  95.5,  4.5, 0, 0, 0
,,,,,,,,,,,,
